{"rouge1": 0.24993215282461217, "rouge2": 0.12376203196588598, "rougeL": 0.20593896729998423, "rougeLsum": 0.2330109848263185}