{"rouge1": 0.25687302657440625, "rouge2": 0.12713951128095144, "rougeL": 0.21072760096015775, "rougeLsum": 0.23920666496448073}