{"rouge1": 0.26205111045094376, "rouge2": 0.12959353068927798, "rougeL": 0.21438189125109702, "rougeLsum": 0.24379938899358752}