{"rouge1": 0.41729651756471264, "rouge2": 0.1938437143126526, "rougeL": 0.294950985023787, "rougeLsum": 0.3577875757358866}