{"rouge1": 0.25249925792047534, "rouge2": 0.12496790289540949, "rougeL": 0.2078844317907816, "rougeLsum": 0.2352440647855742}