{"rouge1": 0.24838965829537477, "rouge2": 0.12315357178193594, "rougeL": 0.204967092397671, "rougeLsum": 0.2317661424017845}