{"rouge1": 0.2694058045781806, "rouge2": 0.13279726032889494, "rougeL": 0.21853382725722234, "rougeLsum": 0.2493781510059952}