{"rouge1": 0.26422558996068224, "rouge2": 0.13062781394073225, "rougeL": 0.21592992824615956, "rougeLsum": 0.24575486460744425}